{
  "train_loss": [
    0.8167939678806543,
    0.7613185342826939,
    0.6583805612014767,
    0.5418717737831077,
    0.5095345007576083,
    0.5172055529697693,
    0.46729233805276105,
    0.49564677782307465,
    0.415687969798606,
    0.4305800599965069,
    0.38214879986062694,
    0.32688750503278485,
    0.3018850709887757,
    0.2438618394789751,
    0.22838064379745981,
    0.17863402769769834,
    0.1662543376493977,
    0.14788727210679883,
    0.09739696495253614,
    0.1377395523001648,
    0.1044081416192745,
    0.0681334752274381,
    0.07740206517042963,
    0.061481275709255774,
    0.07455845082805915,
    0.03623210698889784,
    0.0454548700582432,
    0.03056331936700975,
    0.03706864986186443,
    0.02632749640718835,
    0.02803299031145028,
    0.011603323798115274,
    0.016207916617770917,
    0.017038858748795783,
    0.006513669920168287,
    0.010445161888014191,
    0.005103775447057971,
    0.0065965785465432825,
    0.008177076632020079,
    0.008869610527148422,
    0.002251443628357399,
    0.0045666685307824825,
    5.2259153825758726e-05
  ],
  "train_acc": [
    0.9683152931660227,
    0.9765531040795258,
    0.9800334195429824,
    0.9836201666719883,
    0.9842800429983929,
    0.9846844833274796,
    0.9867066849729131,
    0.9872814159668785,
    0.9889630362825548,
    0.9892184722798727,
    0.9895377672765201,
    0.99140032142363,
    0.992634928744,
    0.9940291835626935,
    0.995210575050289,
    0.9966686888683121,
    0.9972221335291676,
    0.9974669263599306,
    0.9982013048522196,
    0.9978394371893525,
    0.9985844588481965,
    0.9989463265110635,
    0.9989888991772832,
    0.9992656215077109,
    0.999010185510393,
    0.9994571985056994,
    0.9994039826729249,
    0.9995849165043583,
    0.9995849165043583,
    0.9996700618367976,
    0.9996594186702428,
    0.9997764935023468,
    0.9997764935023468,
    0.9997658503357919,
    0.9998935683344509,
    0.9999148546675607,
    0.9999042115010057,
    0.9999042115010057,
    0.9998616388347861,
    0.9999254978341156,
    0.9999574273337803,
    0.9999574273337803,
    1.0
  ],
  "val_loss": [
    0.7731784976321957,
    0.705209486252798,
    0.5070733951372257,
    0.47692260379342416,
    0.36091198815550996,
    0.4569673274631111,
    0.30297590628625715,
    0.5617878514935679,
    0.26496264683961723,
    0.23168185445079867,
    0.1843797186057314,
    0.18920375172403345,
    0.16425986959222846,
    0.08116042340563004,
    0.12156011267260476,
    0.1406032621578691,
    0.04187010616329337,
    0.02502717273009163,
    0.04192473534378455,
    0.04918974310384126,
    0.09844805448349038,
    0.1027696283486322,
    0.007786185460561271,
    0.01854972197575069,
    0.08453071146498332,
    0.014670203388104494,
    0.004465051094970559,
    0.00571954414782905,
    0.01739484253847619,
    0.009871516841486119,
    0.0025520734882550342,
    0.005075002883463643,
    4.592402972926675e-06,
    0.0007184194475687954,
    6.733144454236034e-06,
    2.3905298143174946e-09,
    2.801921310963878e-09,
    0.014918315255521794,
    8.42649532718458e-09,
    1.1158311213341126e-09,
    7.16960877807841e-10,
    2.1971992614357265e-08,
    8.257773237274304e-08
  ],
  "val_acc": [
    0.9786282940951083,
    0.9739878240878709,
    0.9849716888756439,
    0.9862063093362851,
    0.9879092341095832,
    0.9872706373195964,
    0.9895270126442165,
    0.9873983566775938,
    0.9908467793435225,
    0.9908893524628549,
    0.9926348503554856,
    0.9939546170547916,
    0.993997190174124,
    0.998126782749372,
    0.9977010515560475,
    0.9966792966920687,
    0.999063391374686,
    0.9994039763293456,
    0.9990208182553536,
    0.999063391374686,
    0.9985099408233641,
    0.9989356720166886,
    0.9997019881646728,
    0.9996594150453404,
    0.999063391374686,
    0.9997445612840052,
    0.999914853761335,
    0.9997871344033378,
    0.9998297075226702,
    0.9998297075226702,
    0.999914853761335,
    0.9999574268806676,
    1.0,
    0.9999574268806676,
    1.0,
    1.0,
    1.0,
    0.9998722806420026,
    1.0,
    1.0,
    1.0,
    1.0,
    1.0
  ]
}