{
  "NORMAL": 1.0,
  "SLG_FAULT": 0.8013856812933026,
  "LL_FAULT": 0.7974358974358975,
  "THREE_PHASE_FAULT": 1.0
}