{
  "train_loss": [
    0.8086540067490667,
    0.766190192423741,
    0.6678670897768176,
    0.5546129232018077,
    0.47997567769570665,
    0.4233519446797407,
    0.3566828932960324,
    0.3106842432548498,
    0.27224800075937555,
    0.26667517953678344
  ],
  "train_acc": [
    0.9719233266281384,
    0.977383271070809,
    0.980693295869387,
    0.9837478846706472,
    0.9855040071522079,
    0.9865576806411444,
    0.98771778579563,
    0.9891439701139884,
    0.9903892206009132,
    0.9913790350905202
  ],
  "val_loss": [
    0.749603980847908,
    0.6533899142005353,
    0.5988749991234065,
    0.462768398252269,
    0.5857254882730527,
    0.3543615182999269,
    0.3512155811305417,
    0.2431037299025104,
    0.23797441509350778,
    0.21918042161448278
  ],
  "val_acc": [
    0.9791817446464303,
    0.9822044361190344,
    0.9844608114436545,
    0.9859082975009579,
    0.9861637362169526,
    0.9887606964962323,
    0.9891012814508919,
    0.9919111073268339,
    0.991740814849504,
    0.9929754353101452
  ]
}