{
  "train_loss": [
    0.8090975230256526,
    0.7907134384533967,
    0.7819998481547219,
    0.7867427720889442,
    0.7767015099464336,
    0.7785096768309847,
    0.7842466212981737,
    0.782737471806457,
    0.7781089998344195,
    0.7782853661540869
  ],
  "train_acc": [
    0.9739668146066818,
    0.975903870919676,
    0.9761593069169939,
    0.9761912364166587,
    0.9753397830922657,
    0.9761380205838841,
    0.9756377917558032,
    0.9759996594186703,
    0.9758612982534564,
    0.9753823557584853
  ],
  "val_loss": [
    0.778869605378034,
    0.7803027056948355,
    0.7920169063650576,
    0.781164589855547,
    0.7927215887194996,
    0.7817812706198118,
    0.7782782570572464,
    0.7785155105151316,
    0.7784749354848846,
    0.778511750464127
  ],
  "val_acc": [
    0.9776491123504619,
    0.9758184682191664,
    0.9758184682191664,
    0.9758184682191664,
    0.9776491123504619,
    0.9758184682191664,
    0.9776491123504619,
    0.9758184682191664,
    0.9758184682191664,
    0.9776491123504619
  ]
}