{
  "train_loss": [
    0.8169225267444808
  ],
  "train_acc": [
    0.97110380280341
  ],
  "val_loss": [
    0.7901365677892915
  ],
  "val_acc": [
    0.9782025629017839
  ]
}