{
  "NORMAL": 1.0,
  "SLG_FAULT": 0.9792147806004619,
  "LL_FAULT": 0.44871794871794873,
  "THREE_PHASE_FAULT": 0.9185185185185185
}