{
  "train_loss": [
    0.826812579991941,
    0.7528414781609092,
    0.6316189736418767,
    0.4931802604767142,
    0.3969716960366959
  ],
  "train_acc": [
    0.9651436295326585,
    0.9775642049022425,
    0.9819491895228668,
    0.9852379279883351,
    0.9879200059601733
  ],
  "val_loss": [
    0.7574797381441826,
    0.8908024776625935,
    0.6705882680807398,
    0.4419844479737136,
    0.336714352460846
  ],
  "val_acc": [
    0.9735620928945464,
    0.9797351951977521,
    0.9836093490570054,
    0.988079526586913,
    0.9899953169568735
  ]
}