{
  "NORMAL": 1.0,
  "SLG_FAULT": 0.9838337182448037,
  "LL_FAULT": 0.4128205128205128,
  "THREE_PHASE_FAULT": 0.9925925925925926
}