{
  "train_loss": [
    0.8126609279948385,
    0.7267575814175211,
    0.5350654361253051,
    0.4101781088940579,
    0.3326377614092398
  ],
  "train_acc": [
    0.9676022010068436,
    0.9781921517289824,
    0.9839820343348553,
    0.9866428259735837,
    0.9885585959534681
  ],
  "val_loss": [
    0.7776301833672706,
    0.5616545944199353,
    0.34192592527358445,
    0.3474264843392266,
    0.2772404604146643
  ],
  "val_acc": [
    0.9787985865724381,
    0.9848865426369791,
    0.9880369534675806,
    0.9891864276895568,
    0.9899101707182085
  ]
}