{
  "NORMAL": 1.0,
  "SLG_FAULT": 0.9561200923787528,
  "LL_FAULT": 0.38461538461538464,
  "THREE_PHASE_FAULT": 0.8962962962962963
}