{
  "train_loss": [
    0.8285224060229077,
    0.7723871495055192,
    0.6310712465885269,
    0.47594065264537283,
    0.42733849982130057
  ],
  "train_acc": [
    0.9685068701640112,
    0.9760954479176644,
    0.9809061592004853,
    0.9845248358291558,
    0.9861532403120576
  ],
  "val_loss": [
    0.7813181671873354,
    0.6986203949995702,
    0.623523612437341,
    0.471628417033794,
    0.355907501936369
  ],
  "val_acc": [
    0.9776491123504619,
    0.9817361318063774,
    0.9842053727276597,
    0.9853974200689685,
    0.9883775384222402
  ]
}