{
  "train_loss": [
    0.8129656345653791,
    0.7576059386279158,
    0.6762499353881435,
    0.5610073569434144,
    0.49056768980404203,
    0.42891268934450844,
    0.4004655043162777,
    0.4239026092989107,
    0.3359569835550981,
    0.3145656075360658,
    0.3055197722206475,
    0.22614858319931172,
    0.18280264259137097,
    0.14494992592790698,
    0.11223967662274731,
    0.12930873428811193,
    0.0687055449041207,
    0.09751416378692257,
    0.04264789860040802,
    0.049859972186649525,
    0.05291265439329105,
    0.04121827950615745,
    0.03619710003037427,
    0.037206961571743295,
    0.03628527717636258,
    0.013621539889646685,
    0.02220852578198829,
    0.02051723877463546,
    0.023885027955844667,
    0.005378461666916337,
    0.0052967160119970005,
    0.006004812049280192,
    0.005524080159293869
  ],
  "train_acc": [
    0.9747011930989709,
    0.9769788307417223,
    0.9796502655470055,
    0.9829390040124738,
    0.9842481134987281,
    0.9868450461381271,
    0.9885798822865779,
    0.988941749949445,
    0.9900379961046011,
    0.9911874580925317,
    0.9926775014102196,
    0.9952957203827283,
    0.9966154730355375,
    0.997541428525815,
    0.9982545206849942,
    0.9983822386836532,
    0.9990421150100578,
    0.9988398948455144,
    0.9992762646742659,
    0.9994252690060347,
    0.99937205317326,
    0.9995742733378035,
    0.9995636301712485,
    0.999499771171919,
    0.9995529870046936,
    0.9997977798354566,
    0.9997339208361271,
    0.9997232776695723,
    0.9997871366689017,
    0.999872282001341,
    0.9999467841672254,
    0.9999254978341156,
    0.9998935683344509
  ],
  "val_loss": [
    0.8214352092750431,
    0.6735800060840589,
    0.8093931468857005,
    0.4542845517385508,
    0.3309544403839645,
    0.28188051559381894,
    0.32654947005518203,
    0.3435877837796817,
    0.24060048574943213,
    0.17721037468890607,
    0.2632922285175481,
    0.1425453650519899,
    0.0864236885552265,
    0.07956291826763219,
    0.056937167483553736,
    0.045151872264167656,
    0.018976023624515514,
    0.08022142279751138,
    0.015075035772824243,
    0.0423476519363352,
    0.02026795321062301,
    0.0033303419634871465,
    0.0010189210668125816,
    0.005947840307302593,
    0.028055095642557967,
    0.0010753912439544428,
    4.794932116081068e-07,
    5.578652600127757e-05,
    2.1151276754540947e-05,
    8.49127272872943e-09,
    6.53336251877364e-07,
    2.135026967137891e-06,
    2.5861080264998676e-08
  ],
  "val_acc": [
    0.9785431478564435,
    0.9785857209757759,
    0.9819915705223722,
    0.986674613648942,
    0.9869726254842692,
    0.9914002298948444,
    0.9909319255821875,
    0.9905913406275277,
    0.9930180084294776,
    0.9945080676061135,
    0.9956575418280897,
    0.9969347354080633,
    0.9980842096300396,
    0.998595087062029,
    0.9992762569713483,
    0.9992762569713483,
    0.9996594150453404,
    0.9991911107326834,
    0.999616841926008,
    0.9994891225680106,
    0.9995742688066754,
    0.9998722806420026,
    1.0,
    0.9998722806420026,
    0.9996594150453404,
    0.9999574268806676,
    1.0,
    1.0,
    1.0,
    1.0,
    1.0,
    1.0,
    1.0
  ]
}