{
  "NORMAL": 1.0,
  "SLG_FAULT": 0.8752886836027713,
  "LL_FAULT": 0.6230769230769231,
  "THREE_PHASE_FAULT": 0.9925925925925926
}