{
  "train_loss": [
    0.8147280531041083,
    0.7168658571881174,
    0.6403320497168161,
    0.5530343464869872,
    0.5922355297812442,
    0.4629812175698672,
    0.3984973239076393,
    0.3470959229185892,
    0.3221121413444239,
    0.2860631900360382
  ],
  "train_acc": [
    0.9674106240088551,
    0.9791287503858148,
    0.9826409953489362,
    0.9844290473301617,
    0.9848654171589131,
    0.985738156816416,
    0.9865789669742542,
    0.9886650276190172,
    0.9900912119373756,
    0.990783017763445
  ],
  "val_loss": [
    0.7210998434846675,
    0.6179087723046002,
    0.5161631955838182,
    0.5320636968117797,
    0.44624446353833586,
    0.3723405154079435,
    0.2873456839273333,
    0.2851709158249122,
    0.2960918266982187,
    0.23858128341941248
  ],
  "val_acc": [
    0.9756056026225042,
    0.9835667759376729,
    0.9874409297969262,
    0.9854399931883009,
    0.9873132104389288,
    0.9882923921835753,
    0.9901230363148708,
    0.9910596449401847,
    0.9901230363148708,
    0.9914002298948444
  ]
}