{
  "NORMAL": 1.0,
  "SLG_FAULT": 0.9792147806004619,
  "LL_FAULT": 0.4641025641025641,
  "THREE_PHASE_FAULT": 0.9259259259259259
}