{
  "train_loss": [
    0.8112041420481245,
    0.7862172037835587,
    0.7273293840159061,
    0.582051955081376,
    0.46468804228945904,
    0.3761898045836504,
    0.315099283127156,
    0.2537132147165778,
    0.225309320933634,
    0.2038240875074718
  ],
  "train_acc": [
    0.9723809827899996,
    0.9752227082601616,
    0.9788520280553871,
    0.9830773651776876,
    0.9860042359802889,
    0.9882925167895953,
    0.9903253616015837,
    0.9918047617527167,
    0.9928265057419884,
    0.9931883734048554
  ],
  "val_loss": [
    0.7856678375644018,
    0.7834622882665957,
    0.653048028883093,
    0.5444816257098082,
    0.4496665044865991,
    0.4855137429003809,
    0.33455372062548655,
    0.3663909830856526,
    0.3863060821511955,
    0.3513474613389656
  ],
  "val_acc": [
    0.9758184682191664,
    0.9193239388650006,
    0.9832687641023458,
    0.9840776533696624,
    0.9853974200689685,
    0.987142917961599,
    0.9875260760355912,
    0.9891864276895568,
    0.9902933287922006,
    0.9898675975988761
  ]
}