{
  "train_loss": [
    0.8183970399929731,
    0.8002798342157919,
    0.7854418556687802,
    0.7819658627306114,
    0.7901329438127632,
    0.7816509359245517,
    0.7834194005382553,
    0.7790324345886087,
    0.777886285889894,
    0.7807602270409405
  ],
  "train_acc": [
    0.9731260044488437,
    0.9748608405972945,
    0.9756165054226934,
    0.9749779154293986,
    0.9750630607618379,
    0.9761699500835489,
    0.9753929989250402,
    0.9761380205838841,
    0.9758825845865662,
    0.9761486637504391
  ],
  "val_loss": [
    0.7797542477411259,
    0.78515049277343,
    0.7805484038131326,
    0.8062745804982379,
    0.7777636977487294,
    0.7778376737181532,
    0.7791036327449881,
    0.7796012432422262,
    0.7811888063657867,
    0.7803288546831216
  ],
  "val_acc": [
    0.9776491123504619,
    0.9776491123504619,
    0.9776491123504619,
    0.9776491123504619,
    0.9776491123504619,
    0.9758184682191664,
    0.9776491123504619,
    0.9758184682191664,
    0.9776491123504619,
    0.9776491123504619
  ]
}