{
  "NORMAL": 1.0,
  "SLG_FAULT": 0.9399538106235565,
  "LL_FAULT": 0.7692307692307693,
  "THREE_PHASE_FAULT": 1.0
}