{
  "train_loss": [
    0.801643585310456,
    0.7858239267686963,
    0.729903837132187,
    0.7154157619146592,
    0.6324132611892092,
    0.4577195125195217,
    0.3007471205121036,
    0.23476551684910074,
    0.18136521645530895,
    0.14955477327610492
  ],
  "train_acc": [
    0.9717956086294794,
    0.9751375629277222,
    0.977510989069468,
    0.9790436050533755,
    0.9815766786934449,
    0.9858871611481848,
    0.9895271241099652,
    0.9922198452483583,
    0.994593271390104,
    0.9953170067158381
  ],
  "val_loss": [
    0.7884388052923398,
    0.740351842907208,
    0.7158910666111354,
    0.7588234474245954,
    0.5110442307182765,
    0.3416783808862535,
    0.27909148585019106,
    0.19468457756419777,
    0.16034636688357032,
    0.15173667183962974
  ],
  "val_acc": [
    0.9649623227893908,
    0.9744987015198604,
    0.9783302822597811,
    0.9799480607944144,
    0.9859082975009579,
    0.9887606964962323,
    0.9902081825535357,
    0.9933160202648048,
    0.994933798799438,
    0.9950615181574354
  ]
}