{
  "NORMAL": 1.0,
  "SLG_FAULT": 0.9745958429561201,
  "LL_FAULT": 0.5666666666666667,
  "THREE_PHASE_FAULT": 0.9703703703703703
}