{
  "train_loss": [
    0.8215226943823078,
    0.768594499753006,
    0.661802963240945,
    0.49673382585213105,
    0.4508202474048388,
    0.3884626244384141,
    0.34226415156142137,
    0.32411029137117664,
    0.3136735399027677,
    0.28193985167509206
  ],
  "train_acc": [
    0.9714124546335026,
    0.9762550954159882,
    0.9793096842172483,
    0.9855891524846472,
    0.9865363943080345,
    0.9889204636163351,
    0.9901018551039306,
    0.9908788062624392,
    0.9911448854263121,
    0.9914748235895143
  ],
  "val_loss": [
    0.7867158969256901,
    0.7261271397155172,
    0.4738245461578747,
    0.42626940857627293,
    0.32231875968622575,
    0.3230517332824443,
    0.27371796429394407,
    0.35071025077593354,
    0.2752822401494818,
    0.26623653456734175
  ],
  "val_acc": [
    0.9758184682191664,
    0.980373791987739,
    0.9856102856656307,
    0.9878240878709184,
    0.9899101707182085,
    0.9911873642981821,
    0.9912299374175145,
    0.9904210481501979,
    0.991740814849504,
    0.9921665460428286
  ]
}